{"cameraMode":{"drawMode":0,"name":"Shaded","section":"Shading Mode"},"sceneLighting":false,"audioPlay":false,"sceneViewState":{"m_AlwaysRefresh":false,"showFog":true,"showSkybox":true,"showFlares":true,"showImageEffects":true,"showParticleSystems":true,"showVisualEffectGraphs":true,"m_FxEnabled":true},"in2DMode":false,"pivot":{"x":-0.5574450492858887,"y":1.1402058601379395,"z":0.1018117368221283},"rotation":{"x":-0.16878680884838105,"y":-0.6671478748321533,"z":0.1589965969324112,"w":-0.7079817652702332},"size":1.4295151233673096,"orthographic":false}