{"cameraMode":{"drawMode":0,"name":"Shaded","section":"Shading Mode"},"sceneLighting":false,"audioPlay":false,"sceneViewState":{"m_AlwaysRefresh":false,"showFog":true,"showSkybox":true,"showFlares":true,"showImageEffects":true,"showParticleSystems":true,"showVisualEffectGraphs":true,"m_FxEnabled":true},"in2DMode":false,"pivot":{"x":529.2225341796875,"y":305.4584045410156,"z":39.905517578125},"rotation":{"x":0.037491124123334888,"y":-0.007199189160019159,"z":0.00032442991505376995,"w":0.9993112683296204},"size":289.1250305175781,"orthographic":false}