{"cameraMode":{"drawMode":0,"name":"Shaded","section":"Shading Mode"},"sceneLighting":false,"audioPlay":false,"sceneViewState":{"m_AlwaysRefresh":false,"showFog":true,"showSkybox":true,"showFlares":true,"showImageEffects":true,"showParticleSystems":true,"showVisualEffectGraphs":true,"m_FxEnabled":true},"in2DMode":false,"pivot":{"x":-1.315415859222412,"y":0.8865475654602051,"z":1.9508998394012452},"rotation":{"x":-0.23242227733135224,"y":-0.45670339465141299,"z":0.12488950788974762,"w":-0.8496459126472473},"size":3.1453185081481935,"orthographic":false}