{"cameraMode":{"drawMode":0,"name":"Shaded","section":"Shading Mode"},"sceneLighting":false,"audioPlay":false,"sceneViewState":{"m_AlwaysRefresh":false,"showFog":true,"showSkybox":true,"showFlares":true,"showImageEffects":true,"showParticleSystems":true,"showVisualEffectGraphs":true,"m_FxEnabled":true},"in2DMode":false,"pivot":{"x":-0.748885452747345,"y":0.24946904182434083,"z":0.9969639778137207},"rotation":{"x":-0.11419595777988434,"y":-0.5770499110221863,"z":0.08191117644309998,"w":-0.8045459985733032},"size":1.5789536237716675,"orthographic":false}