{"cameraMode":{"drawMode":0,"name":"Shaded","section":"Shading Mode"},"sceneLighting":false,"audioPlay":false,"sceneViewState":{"m_AlwaysRefresh":false,"showFog":true,"showSkybox":true,"showFlares":true,"showImageEffects":true,"showParticleSystems":true,"showVisualEffectGraphs":true,"m_FxEnabled":true},"in2DMode":false,"pivot":{"x":-0.007556572090834379,"y":0.49284565448760989,"z":-0.0061528682708740238},"rotation":{"x":0.04049072042107582,"y":0.001799678080715239,"z":0.00003756430669454858,"w":0.9992361664772034},"size":1.4986072778701783,"orthographic":false}