{"cameraMode":{"drawMode":0,"name":"Shaded","section":"Shading Mode"},"sceneLighting":false,"audioPlay":false,"sceneViewState":{"m_AlwaysRefresh":false,"showFog":true,"showSkybox":true,"showFlares":true,"showImageEffects":true,"showParticleSystems":true,"showVisualEffectGraphs":true,"m_FxEnabled":true},"in2DMode":false,"pivot":{"x":1.1908401250839234,"y":1.2160534858703614,"z":-0.1585618257522583},"rotation":{"x":0.22649195790290833,"y":-0.38159653544425967,"z":0.09715130925178528,"w":0.8909345865249634},"size":0.7786339521408081,"orthographic":false}